{"accuracy": 0.549643218655103, "f1_score": 0.3899060947406115}