{"accuracy": 0.5491433498706589, "f1_score": 0.38932280699826344}